City_ID,City,Country,Lat,Lng,Max Temp,Humidity,Cloudiness,Wind Speed,Current Description
0,Tasiilaq,GL,65.6145,-37.6368,30.97,68,100,22.37,overcast clouds
1,Lastoursville,GA,-0.8143,12.7287,73.45,92,68,0.47,light rain
2,Luderitz,NA,-26.6481,15.1594,59.79,82,0,11.97,clear sky
3,Aykhal,RU,66.0,111.5,0.68,97,100,12.93,light snow
4,Hilo,US,19.7297,-155.09,74.12,79,1,1.99,clear sky
5,Vaini,TO,-21.2,-175.2,77.16,100,40,6.91,light intensity drizzle
6,Shimoda,JP,34.6667,138.95,62.37,83,14,10.87,few clouds
7,Victoria,HK,22.2855,114.1577,76.32,86,0,8.99,clear sky
8,Saskylakh,RU,71.9167,114.0833,-30.33,100,66,1.81,broken clouds
9,Cape Town,ZA,-33.9258,18.4232,68.41,66,0,6.91,clear sky
10,Severodvinsk,RU,64.5635,39.8302,41.11,96,100,16.15,light rain
11,Port Alfred,ZA,-33.5906,26.891,69.19,94,94,5.01,overcast clouds
12,Busselton,AU,-33.65,115.3333,53.44,64,68,6.24,broken clouds
13,Kapaa,US,22.0752,-159.319,74.1,69,53,1.99,broken clouds
14,Ushuaia,AR,-54.8,-68.3,51.46,54,40,18.41,scattered clouds
15,Jiuquan,CN,39.7432,98.5174,31.77,54,33,1.14,scattered clouds
16,Tiksi,RU,71.6872,128.8694,-8.81,99,100,4.68,overcast clouds
17,Hobart,AU,-42.8794,147.3294,51.66,83,75,16.11,broken clouds
18,Bluff,NZ,-46.6,168.3333,54.0,82,100,6.51,light rain
19,Georgetown,MY,5.4112,100.3354,77.95,96,40,3.44,scattered clouds
20,Albany,US,42.6001,-73.9662,66.24,76,96,8.99,overcast clouds
21,Callaway,US,30.153,-85.5699,76.98,79,100,18.41,overcast clouds
22,Hofn,IS,64.2539,-15.2082,39.22,81,75,5.75,broken clouds
23,Hermanus,ZA,-34.4187,19.2345,66.79,79,20,1.14,few clouds
24,Atuona,PF,-9.8,-139.0333,77.07,81,22,14.54,few clouds
25,Rikitea,PF,-23.1203,-134.9692,73.76,86,73,8.95,broken clouds
26,Ulladulla,AU,-35.35,150.4667,60.71,91,84,5.91,broken clouds
27,Saldanha,ZA,-33.0117,17.9442,68.05,86,2,6.98,clear sky
28,Piltene,LV,57.2243,21.6744,55.35,94,100,19.57,overcast clouds
29,New Norfolk,AU,-42.7826,147.0587,51.3,72,98,1.01,overcast clouds
30,Sheridan,US,44.8333,-106.9173,33.31,66,4,2.82,clear sky
31,Hithadhoo,MV,-0.6,73.0833,80.55,80,44,12.86,light rain
32,Qiongshan,CN,20.0058,110.3542,69.78,100,23,2.24,fog
33,El Real De Santa Maria,PA,8.109,-77.7325,84.72,78,47,4.12,moderate rain
34,Hernani,ES,43.2662,-1.9762,64.85,69,0,1.99,clear sky
35,Carnarvon,AU,-24.8667,113.6333,63.84,61,0,25.17,clear sky
36,San Quintin,MX,30.4833,-115.95,64.31,41,100,5.08,overcast clouds
37,Dingle,PH,10.9995,122.6711,76.15,94,94,7.02,overcast clouds
38,Namatanai,PG,-3.6667,152.4333,77.85,81,100,2.8,overcast clouds
39,Emerald,AU,-23.5333,148.1667,63.34,80,21,11.36,few clouds
40,Viedma,AR,-40.8135,-62.9967,72.86,37,98,8.03,moderate rain
41,Avarua,CK,-21.2078,-159.775,73.45,78,20,12.66,few clouds
42,Torbay,CA,47.6666,-52.7314,45.75,80,100,1.99,overcast clouds
43,Den Helder,NL,52.9599,4.7593,53.58,93,100,11.99,overcast clouds
44,Ayagoz,KZ,47.9714,80.4392,26.91,91,100,5.57,overcast clouds
45,Krasnoselkup,RU,65.7,82.4667,-2.45,91,100,8.97,overcast clouds
46,Bethel,US,41.3712,-73.414,66.29,84,100,4.61,moderate rain
47,Lumphat,KH,13.4878,106.9816,72.19,82,86,5.61,overcast clouds
48,Arraial Do Cabo,BR,-22.9661,-42.0278,75.04,84,11,10.83,few clouds
49,Hambantota,LK,6.1241,81.1185,78.8,81,92,11.56,overcast clouds
50,Castro,BR,-24.7911,-50.0119,59.61,93,100,0.2,light rain
51,Mataura,NZ,-46.1927,168.8643,49.44,86,100,1.12,light rain
52,Bredasdorp,ZA,-34.5322,20.0403,65.79,86,35,8.39,scattered clouds
53,Port Elizabeth,ZA,-33.918,25.5701,68.09,96,75,5.01,broken clouds
54,Buraydah,SA,26.326,43.975,75.15,34,95,16.93,moderate rain
55,Baykit,RU,61.67,96.37,23.7,89,100,10.78,overcast clouds
56,Gasa,PS,31.5,34.4667,64.89,67,0,13.53,clear sky
57,Lompoc,US,34.6391,-120.4579,63.79,61,100,1.99,overcast clouds
58,Zhigansk,RU,66.7697,123.3711,-26.23,99,59,6.04,broken clouds
59,Tabuk,PH,17.4189,121.4443,73.99,90,4,1.79,clear sky
60,Mahebourg,MU,-20.4081,57.7,72.25,75,21,9.75,few clouds
61,Upernavik,GL,72.7868,-56.1549,10.87,86,100,4.27,overcast clouds
62,Rancharia,BR,-22.2292,-50.8931,75.6,61,84,17.69,broken clouds
63,Ribeira Grande,PT,38.5167,-28.7,63.0,63,20,12.66,few clouds
64,Bereda,ES,43.2686,-7.5406,51.15,96,0,0.4,clear sky
65,Butaritari,KI,3.0707,172.7902,81.12,75,100,17.18,overcast clouds
66,Port Lincoln,AU,-34.7333,135.8667,60.85,89,100,17.45,light rain
67,Bengkulu,ID,-3.8004,102.2655,74.68,92,100,3.78,overcast clouds
68,Bulgan,MN,48.8125,103.5347,17.15,60,6,2.95,clear sky
69,Joao Camara,BR,-5.5375,-35.8197,92.3,35,46,16.67,scattered clouds
70,East London,ZA,-33.0153,27.9116,68.76,90,100,23.58,moderate rain
71,Cap Malheureux,MU,-19.9842,57.6142,72.46,73,13,1.99,few clouds
72,Chuy,UY,-33.6971,-53.4616,74.16,58,40,11.68,scattered clouds
73,Iqaluit,CA,63.7506,-68.5145,6.53,78,100,4.61,light snow
74,Mar Del Plata,AR,-38.0023,-57.5575,73.83,88,98,8.99,overcast clouds
75,Porto Novo,BJ,6.4965,2.6036,79.88,79,100,6.53,light rain
76,Faanui,PF,-16.4833,-151.75,77.95,77,78,4.45,light rain
77,Punta Arenas,CL,-53.15,-70.9167,46.11,70,55,3.69,broken clouds
78,Jamestown,US,42.097,-79.2353,62.02,72,100,8.99,moderate rain
79,Kodiak,US,57.79,-152.4072,42.31,93,100,29.93,moderate rain
80,Basco,PH,20.4487,121.9702,80.6,84,17,13.53,few clouds
81,Puerto Ayora,EC,-0.7393,-90.3518,76.96,81,92,8.99,overcast clouds
82,Valleyview,CA,55.0667,-117.2859,21.18,78,68,5.01,broken clouds
83,Amazar,RU,53.858,120.875,5.32,97,24,2.68,few clouds
84,Marsa Matruh,EG,31.3525,27.2453,67.57,58,8,9.98,clear sky
85,Haimen,CN,23.1935,116.6142,72.28,89,60,11.45,broken clouds
86,Adelaide,AU,-34.9333,138.6,68.16,70,98,12.66,light rain
87,Cherskiy,RU,68.75,161.3,-25.91,100,94,2.3,overcast clouds
88,Lebu,CL,-37.6167,-73.65,60.53,67,74,16.37,broken clouds
89,Souillac,MU,-20.5167,57.5167,73.18,77,25,8.16,scattered clouds
90,Moose Factory,CA,51.2585,-80.6094,29.97,65,100,15.52,overcast clouds
91,Brae,GB,60.3964,-1.353,52.0,92,100,19.51,light rain
92,Moa,CU,20.6569,-74.9403,84.06,72,18,6.73,few clouds
93,Blackwater,AU,-23.5833,148.8833,65.05,78,0,9.13,clear sky
94,Yantzaza,EC,-3.8278,-78.7594,77.95,81,98,2.95,moderate rain
95,Stokmarknes,NO,68.5646,14.9108,48.16,93,75,13.8,shower rain
96,Norden,DE,53.6,7.2,52.14,94,93,1.99,overcast clouds
97,Bonavista,CA,48.6499,-53.1147,34.63,84,100,14.2,overcast clouds
98,Puerto Madryn,AR,-42.7692,-65.0385,62.83,59,100,14.0,overcast clouds
99,Hamilton,US,39.1834,-84.5333,59.2,95,100,10.36,mist
100,Mount Gambier,AU,-37.8333,140.7667,50.54,93,67,7.52,broken clouds
101,Naze,JP,28.3667,129.4833,68.95,92,99,13.51,overcast clouds
102,Birjand,IR,32.8663,59.2211,58.59,40,100,2.39,overcast clouds
103,Ust-Maya,RU,60.4167,134.5333,9.64,97,100,3.42,light snow
104,Labrea,BR,-7.2586,-64.7981,86.68,66,99,2.33,overcast clouds
105,Barrow,US,71.2906,-156.7887,8.62,78,100,12.66,overcast clouds
106,Necochea,AR,-38.5473,-58.7368,67.19,56,71,15.39,broken clouds
107,Toccoa,US,34.5773,-83.3324,66.45,98,100,6.91,light rain
108,Sobolevo,RU,54.4299,31.8996,44.89,86,99,12.84,overcast clouds
109,Salalah,OM,17.0151,54.0924,82.49,65,0,5.75,clear sky
110,Longyearbyen,SJ,78.2186,15.6401,22.84,68,0,14.97,clear sky
111,Hohhot,CN,40.8106,111.6522,35.56,75,100,7.43,overcast clouds
112,Nalgonda,IN,17.05,79.2667,71.11,63,86,4.43,overcast clouds
113,Dikson,RU,73.5069,80.5464,-2.74,98,74,7.54,broken clouds
114,Tuktoyaktuk,CA,69.4541,-133.0374,19.4,93,100,10.36,light snow
115,Lagoa,PT,39.05,-27.9833,61.54,63,4,12.73,clear sky
116,Moquegua,PE,-17.1956,-70.9353,78.53,24,15,13.56,few clouds
117,Kavieng,PG,-2.5744,150.7967,82.06,78,100,7.36,light rain
118,Mikhaylovka,RU,50.06,43.2379,38.7,77,11,7.56,few clouds
119,Yellowknife,CA,62.456,-114.3525,21.56,85,98,25.99,overcast clouds
120,Sao Filipe,CV,14.8961,-24.4956,78.76,69,69,8.68,broken clouds
121,Belvedere Marittimo,IT,39.6179,15.8617,55.11,69,18,5.66,few clouds
122,Cap-Aux-Meules,CA,47.3821,-61.8597,43.48,73,93,9.51,overcast clouds
123,Sitka,US,57.0531,-135.33,39.09,87,75,6.91,broken clouds
124,Saint-Georges,GD,12.0564,-61.7485,80.76,75,78,13.15,broken clouds
125,Malanje,AO,-9.5402,16.341,65.08,81,73,5.06,broken clouds
126,Codrington,AU,-38.2667,141.9667,50.13,92,62,7.92,broken clouds
127,Ilulissat,GL,69.2167,-51.1,7.0,94,100,2.3,overcast clouds
128,Ahipara,NZ,-35.1667,173.1667,59.68,95,70,6.02,broken clouds
129,Nikolskoye,RU,59.7035,30.7861,53.49,91,100,12.62,overcast clouds
130,Arlit,NE,18.7369,7.3853,82.22,12,0,5.64,clear sky
131,Puerto Baquerizo Moreno,EC,-0.9,-89.6,67.26,78,90,12.17,overcast clouds
132,Valday,RU,57.9747,33.2525,46.02,92,100,15.57,overcast clouds
133,Betera,ES,39.5833,-0.45,59.88,93,75,5.75,broken clouds
134,Kondinskoye,RU,59.6481,67.41,32.41,98,100,10.0,light snow
135,Mindelo,CV,16.8901,-24.9804,80.15,57,40,20.71,scattered clouds
136,Namibe,AO,-15.1961,12.1522,67.41,75,24,11.39,few clouds
137,Naryan-Mar,RU,67.6713,53.087,17.22,95,89,9.55,overcast clouds
138,Boyolangu,ID,-8.1181,111.8935,75.96,90,100,1.52,overcast clouds
139,Novyy Urgal,RU,51.0736,132.5642,16.21,97,82,2.13,broken clouds
140,Chokurdakh,RU,70.6333,147.9167,-21.69,98,100,6.53,overcast clouds
141,Saint George,US,37.1041,-113.5841,46.44,35,0,1.99,clear sky
142,Yining,CN,29.0361,114.5636,71.22,68,47,1.25,scattered clouds
143,Kayes,ML,14.0,-11.0,86.36,11,74,4.27,broken clouds
144,Charters Towers,AU,-20.1,146.2667,67.84,83,0,10.2,clear sky
145,Biltine,TD,14.5333,20.9167,82.22,19,1,9.91,clear sky
146,Purgstall,AT,48.0584,15.1348,47.75,72,96,2.59,overcast clouds
147,Severo-Kurilsk,RU,50.6789,156.125,34.39,59,97,30.89,overcast clouds
148,Oranjemund,NA,-28.55,16.4333,61.03,79,0,6.71,clear sky
149,Nemuro,JP,43.3236,145.575,46.0,60,39,11.25,scattered clouds
150,Joshimath,IN,30.5667,79.5667,44.91,44,10,6.44,clear sky
151,Louth,GB,53.3666,-0.0044,58.96,82,96,15.32,overcast clouds
152,Salym,RU,60.0625,71.4789,30.24,93,100,9.73,overcast clouds
153,Hay River,CA,60.8156,-115.7999,14.34,78,92,9.33,overcast clouds
154,Palmas,BR,-10.2128,-48.3603,87.67,62,40,14.97,thunderstorm
155,Leningradskiy,RU,69.3833,178.4167,3.79,92,100,8.52,overcast clouds
156,Provideniya,RU,64.3833,-173.3,12.99,78,12,7.23,few clouds
157,Kaitangata,NZ,-46.2817,169.8464,50.47,79,100,3.02,light rain
158,Nantucket,US,41.2835,-70.0995,69.94,84,100,13.8,overcast clouds
159,Saint-Philippe,RE,-21.3585,55.7679,72.99,84,47,9.6,scattered clouds
160,Kruisfontein,ZA,-34.0033,24.7314,65.88,77,61,1.81,broken clouds
161,Stornoway,GB,58.2093,-6.3865,49.96,91,0,12.66,clear sky
162,San Patricio,US,28.017,-97.5169,84.07,55,32,11.88,scattered clouds
163,Itoman,JP,26.1247,127.6694,77.77,92,75,11.5,broken clouds
164,Esperance,AU,-33.8667,121.9,54.73,70,90,19.91,overcast clouds
165,Norman Wells,CA,65.282,-126.8329,18.57,94,100,0.74,light snow
166,Mzimba,MW,-11.9,33.6,65.1,83,66,5.93,broken clouds
167,Okhotsk,RU,59.3833,143.3,4.26,73,6,16.08,clear sky
168,Wonthaggi,AU,-38.6044,145.5913,55.81,86,72,6.69,broken clouds
169,Antalaha,MG,-14.9003,50.2788,70.97,83,7,7.94,clear sky
170,Hobyo,SO,5.3505,48.5268,81.32,75,18,12.82,few clouds
171,Cidreira,BR,-30.1811,-50.2056,67.03,87,100,11.68,overcast clouds
172,Beyneu,KZ,45.3167,55.2,42.35,71,1,7.56,clear sky
173,Praxedis Guerrero,MX,31.3667,-106.0167,56.66,23,1,11.18,clear sky
174,Mocorito,MX,25.4833,-107.9167,78.21,51,5,3.44,clear sky
175,Hami,CN,42.8,93.45,33.82,42,2,2.42,clear sky
176,Trairi,BR,-3.2778,-39.2689,85.73,58,94,12.33,overcast clouds
177,Marawi,PH,7.9986,124.2928,68.61,93,80,1.23,broken clouds
178,Presidente Medici,BR,-11.1753,-61.9014,91.69,46,100,5.1,overcast clouds
179,Okha,RU,53.5739,142.9478,24.15,83,87,9.95,overcast clouds
180,Sao Joao Da Barra,BR,-21.6403,-41.0511,84.29,83,55,10.76,broken clouds
181,Clyde River,CA,70.4692,-68.5914,-8.39,94,75,3.71,broken clouds
182,Rize,TR,40.9044,40.8949,34.97,89,73,2.75,broken clouds
183,Guerrero Negro,MX,27.9769,-114.0611,67.39,37,80,1.95,broken clouds
184,Muros,ES,42.7762,-9.0603,59.85,81,0,3.69,clear sky
185,Dobryanka,RU,58.4619,56.4165,38.98,99,100,5.17,overcast clouds
186,Balykshi,KZ,47.0667,51.8667,30.2,100,75,4.47,fog
187,Colares,PT,38.7992,-9.4469,67.75,72,0,3.44,clear sky
188,Cayenne,GF,4.9333,-52.3333,87.84,62,0,12.66,clear sky
189,Puerto Carreno,CO,6.189,-67.4859,89.62,55,52,2.39,broken clouds
190,Ballina,AU,-28.8667,153.5667,59.02,96,45,6.8,scattered clouds
191,Tuy Hoa,VN,13.0833,109.3,74.91,92,100,5.59,overcast clouds
192,Omsukchan,RU,62.5333,155.8,-8.05,99,100,4.34,light snow
193,Coolum Beach,AU,-26.5333,153.1,63.1,86,8,6.08,clear sky
194,Bukama,CD,-9.2,25.85,70.75,92,96,0.96,light rain
195,Airai,TL,-8.9266,125.4092,61.18,91,99,1.07,overcast clouds
196,Isangel,VU,-19.55,169.2667,76.57,90,86,8.37,overcast clouds
197,Maniwaki,CA,46.3834,-75.966,58.64,75,100,7.72,overcast clouds
198,Kloulklubed,PW,7.0419,134.2556,77.5,78,100,14.03,overcast clouds
199,Bathsheba,BB,13.2167,-59.5167,86.61,66,40,19.57,scattered clouds
200,Changji,CN,44.0167,87.3167,36.39,75,75,4.47,broken clouds
201,Yagodnoye,RU,62.55,149.6667,-26.18,99,87,4.32,overcast clouds
202,Siilinjarvi,FI,63.0833,27.6667,44.62,93,0,16.11,clear sky
203,Puxinana,BR,-7.1611,-35.9606,86.38,39,35,14.09,scattered clouds
204,Biak,ID,-0.9131,122.8766,77.34,84,100,1.95,overcast clouds
205,Rosarito,MX,32.3333,-117.0333,68.92,27,90,5.08,overcast clouds
206,Mecca,SA,21.4267,39.8261,80.15,70,28,2.44,scattered clouds
207,Los Andes,CL,-32.8337,-70.5983,68.02,47,100,9.28,overcast clouds
208,Itarema,BR,-2.9248,-39.9167,85.68,59,96,17.92,overcast clouds
209,Ferry Pass,US,30.5102,-87.2125,81.19,69,20,10.36,few clouds
210,Sechura,PE,-5.5569,-80.8222,77.29,53,74,13.85,broken clouds
211,Kamenka,RU,51.3223,42.7678,39.16,90,86,9.26,overcast clouds
212,Palana,RU,59.1167,159.9667,26.24,84,100,29.17,light snow
213,Henties Bay,NA,-22.116,14.2845,60.69,82,3,9.53,clear sky
214,Longonjo,AO,-12.9067,15.2533,67.06,66,60,4.79,broken clouds
215,Cabo San Lucas,MX,22.8909,-109.9124,82.62,53,20,3.44,few clouds
216,Timbiqui,CO,2.7717,-77.6654,79.12,86,85,7.36,moderate rain
217,Teshie,GH,5.5836,-0.1072,80.51,76,93,9.89,overcast clouds
218,Tias,ES,28.9611,-13.645,71.28,78,20,12.66,few clouds
219,El Reno,US,35.5323,-97.955,36.61,58,75,28.77,broken clouds
220,Kasongo-Lunda,CD,-6.4667,16.8167,70.75,90,98,1.43,overcast clouds
221,Saint-Joseph,RE,-21.3667,55.6167,71.98,84,38,10.27,scattered clouds
222,Eenhana,NA,-17.4667,16.3333,80.74,20,35,6.2,scattered clouds
223,Siocon,PH,7.7061,122.1353,79.48,85,98,2.28,overcast clouds
224,Margate,GB,51.3813,1.3862,54.3,84,34,4.0,scattered clouds
225,Kavaratti,IN,10.5669,72.642,82.4,59,100,3.33,overcast clouds
226,Nuuk,GL,64.1835,-51.7216,20.88,73,100,10.0,overcast clouds
227,Ust-Kut,RU,56.7938,105.7672,23.88,91,99,6.69,overcast clouds
228,Hamina,FI,60.5697,27.1979,51.08,90,99,14.16,overcast clouds
229,Kushima,JP,31.4583,131.2333,64.4,85,28,4.76,scattered clouds
230,Douglas,US,41.3,-96.167,29.86,62,40,21.85,scattered clouds
231,Paita,PE,-5.0892,-81.1144,70.79,70,96,15.75,overcast clouds
232,Dieppe,FR,49.75,1.1667,48.38,91,36,1.99,scattered clouds
233,Sheboygan,US,43.7333,-87.9334,37.72,70,20,14.97,few clouds
234,Eyl,SO,7.9803,49.8164,80.42,67,44,17.13,scattered clouds
235,Caravelas,BR,-17.7125,-39.2481,81.88,64,82,10.04,broken clouds
236,Pangnirtung,CA,66.1451,-65.7125,-5.44,85,67,3.33,broken clouds
237,Nhulunbuy,AU,-12.2333,136.7667,81.21,83,36,5.75,scattered clouds
238,Tuatapere,NZ,-46.1333,167.6833,52.47,84,100,3.02,light rain
239,Karatuzskoye,RU,53.6072,92.8667,26.38,86,100,5.32,overcast clouds
240,Te Anau,NZ,-45.4167,167.7167,51.49,81,100,1.28,overcast clouds
241,Puerto Escondido,MX,15.85,-97.0667,86.83,62,20,10.36,few clouds
242,Thaton,MM,16.9206,97.3714,72.41,77,35,3.4,scattered clouds
243,Petropavlovsk-Kamchatskiy,RU,53.0452,158.6483,21.6,69,89,17.54,overcast clouds
244,Yomou,GN,7.5603,-9.2653,76.8,69,66,2.89,broken clouds
245,Padang,ID,-0.9492,100.3543,75.81,93,100,2.04,moderate rain
246,Katsuura,JP,35.1333,140.3,63.88,79,57,7.27,broken clouds
247,Axim,GH,4.8699,-2.2405,78.87,82,90,6.64,overcast clouds
248,Bayir,TR,37.2687,28.2167,50.52,45,0,1.79,clear sky
249,Zlitan,LY,32.4674,14.5687,69.26,66,47,10.83,scattered clouds
250,Prince Rupert,CA,54.3161,-130.3201,39.99,93,99,3.96,overcast clouds
251,Pisco,PE,-13.7,-76.2167,69.85,68,0,10.36,clear sky
252,Bonito,BR,-21.1211,-56.4819,92.32,40,66,5.08,broken clouds
253,Carutapera,BR,-1.195,-46.02,85.37,66,88,7.38,overcast clouds
254,Rujewa,TZ,-8.7,34.3833,78.39,41,92,8.43,overcast clouds
255,Thompson,CA,55.7435,-97.8558,6.28,77,73,4.38,broken clouds
256,Bull Savanna,JM,17.8868,-77.5902,82.89,66,97,11.21,overcast clouds
257,Kedrovyy,RU,56.1667,91.8167,28.87,93,99,8.39,light snow
258,Tadine,NC,-21.55,167.8833,74.98,80,94,12.91,overcast clouds
259,Kundla,IN,21.3333,71.3,78.01,37,9,6.4,clear sky
260,Bayan,CN,46.0833,127.4,35.44,57,100,6.71,overcast clouds
261,Polyarnyye Zori,RU,67.3661,32.4981,28.85,100,100,1.57,overcast clouds
262,Zhumadian,CN,32.9794,114.0294,61.39,95,22,14.54,few clouds
263,Klyuchi,RU,52.2667,79.1667,30.61,96,99,13.2,light snow
264,Santa Rosa,PH,14.3122,121.1114,81.01,85,18,7.11,few clouds
265,Alofi,NU,-19.0595,-169.9187,76.89,88,75,8.05,broken clouds
266,Hualmay,PE,-11.0964,-77.6139,69.58,71,33,10.49,scattered clouds
267,Yulara,AU,-25.2406,130.9889,79.92,41,73,10.33,broken clouds
268,Loandjili,CG,-4.7561,11.8578,77.0,84,96,7.14,overcast clouds
269,Yabelo,ET,4.8833,38.0833,61.27,74,100,13.91,overcast clouds
270,Liberec,CZ,50.7671,15.0562,48.02,87,100,2.71,overcast clouds
271,Ende,ID,-8.8432,121.6623,78.26,85,90,1.88,overcast clouds
272,Santiago Del Estero,AR,-27.7951,-64.2615,93.92,26,75,8.28,broken clouds
273,San Rafael,AR,-34.6177,-68.3301,67.86,51,95,11.1,overcast clouds
274,Batemans Bay,AU,-35.7167,150.1833,63.1,95,81,4.63,broken clouds
275,Krutinka,RU,56.0055,71.5113,32.0,98,100,13.51,light snow
276,Korcula,HR,42.9622,17.1369,64.92,47,99,7.11,overcast clouds
277,Halifax,CA,44.6453,-63.5724,66.69,54,76,5.01,broken clouds
278,Kyshtovka,RU,56.555,76.6271,28.18,97,100,7.36,overcast clouds
279,Charagua,BO,-19.8,-63.2167,97.99,22,39,13.35,scattered clouds
280,Pemangkat,ID,1.1667,108.9667,78.19,85,100,4.76,moderate rain
281,Spruce Grove,CA,53.5334,-113.9187,16.43,77,98,1.01,overcast clouds
282,Khatanga,RU,71.9667,102.5,-27.29,100,88,8.34,overcast clouds
283,Kongolo,CD,-5.3833,27.0,70.66,95,100,0.81,light rain
284,Conceicao Do Araguaia,BR,-8.2578,-49.2647,89.49,52,96,4.21,overcast clouds
285,Barabai,ID,-2.5833,115.3833,74.5,98,100,0.6,light rain
286,Ponta Do Sol,PT,32.6667,-17.1,72.72,83,54,1.34,broken clouds
287,Caiaponia,BR,-16.9567,-51.8103,94.01,28,59,12.12,broken clouds
288,Comodoro Rivadavia,AR,-45.8667,-67.5,60.66,67,40,9.22,light rain
289,Mahon,ES,39.8885,4.2658,68.56,88,40,11.5,scattered clouds
290,Guaraniacu,BR,-25.1008,-52.8781,70.63,67,100,6.29,overcast clouds
291,Ayr,GB,55.4627,-4.6339,58.98,94,75,13.8,broken clouds
292,Nihtaur,IN,29.3333,78.3833,63.52,51,0,7.49,clear sky
293,Klaksvik,FO,62.2266,-6.589,50.92,84,93,28.1,overcast clouds
294,Dhidhdhoo,MV,6.8833,73.1,81.64,72,94,1.66,overcast clouds
295,San Policarpo,PH,12.1791,125.5072,81.12,80,80,5.44,broken clouds
296,Miandrivazo,MG,-19.5167,45.4667,78.06,70,90,6.06,light rain
297,Qaanaaq,GL,77.484,-69.3632,-3.24,64,0,7.85,clear sky
298,Weligama,LK,5.9667,80.4167,77.85,85,90,10.02,overcast clouds
299,Kirakira,SB,-10.4544,161.9205,79.59,87,100,9.44,overcast clouds
300,Turgutlu,TR,38.4953,27.6997,52.72,44,8,1.68,clear sky
301,Tukrah,LY,32.5341,20.5791,66.85,64,4,11.45,clear sky
302,Panguna,PG,-6.3164,155.4848,68.0,95,98,1.79,light rain
303,Zhongshu,CN,24.5167,103.7667,50.58,86,0,4.21,clear sky
304,Sao Caetano De Odivelas,BR,-0.75,-48.02,84.29,73,70,6.35,broken clouds
305,Bosaso,SO,11.2842,49.1816,80.33,71,36,7.87,scattered clouds
306,Port Hawkesbury,CA,45.6169,-61.3485,53.91,79,65,5.01,broken clouds
307,Jinxiang,CN,27.4327,120.6062,69.91,90,88,5.26,overcast clouds
308,Moron,AR,-34.6534,-58.6198,87.94,47,76,8.84,broken clouds
309,Bambous Virieux,MU,-20.3428,57.7575,72.21,75,25,10.29,scattered clouds
310,Liverpool,GB,53.4106,-2.9779,60.75,79,75,12.66,broken clouds
311,Coquimbo,CL,-29.9533,-71.3436,62.33,72,75,8.05,broken clouds
312,Belmonte,BR,-15.8631,-38.8828,80.51,69,96,8.3,overcast clouds
313,Samarai,PG,-10.6167,150.6667,79.3,80,83,10.36,broken clouds
314,Baturaja,ID,-4.1333,104.1667,74.01,95,100,1.92,overcast clouds
315,Sambava,MG,-14.2667,50.1667,72.99,82,2,8.61,clear sky
316,Turukhansk,RU,65.8167,87.9833,8.69,92,100,15.12,overcast clouds
317,Ormara,PK,25.2088,64.6357,80.19,71,11,9.1,few clouds
318,Gouyave,GD,12.1646,-61.7296,79.36,78,82,15.17,broken clouds
319,Sungaipenuh,ID,-2.0833,101.3833,64.17,97,100,1.14,moderate rain
320,Mitu,CO,1.1983,-70.1733,89.29,53,31,3.11,scattered clouds
321,Kemijarvi,FI,66.7131,27.4306,34.61,86,88,10.36,overcast clouds
322,Hede,CN,33.7681,120.2517,64.27,95,37,9.04,scattered clouds
323,Saint Anthony,US,45.0205,-93.218,30.88,79,100,16.11,overcast clouds
324,Nishihara,JP,26.1842,127.7558,77.05,94,100,11.5,overcast clouds
325,Laguna,US,38.421,-121.4238,58.01,75,0,1.99,clear sky
326,Najran,SA,17.4924,44.1277,66.27,26,3,4.03,clear sky
327,Geraldton,AU,-28.7667,114.6,52.21,76,0,9.22,clear sky
328,Moscow,RU,55.7522,37.6156,46.92,87,100,12.62,overcast clouds
329,Havre,FR,49.5833,0.3333,51.57,82,0,10.36,clear sky
330,Fort Nelson,CA,58.8053,-122.7002,16.52,89,100,1.34,overcast clouds
331,Chitral,PK,35.8462,71.7858,35.56,46,2,8.05,clear sky
332,Tiarei,PF,-17.5333,-149.3333,75.22,75,98,1.03,light rain
333,Kyzyl-Suu,KG,42.3414,78.0056,25.7,63,66,9.08,broken clouds
334,Kichera,RU,55.9375,110.0997,15.28,90,97,1.92,overcast clouds
335,Kandrian,PG,-6.2167,149.55,75.88,89,97,4.43,light rain
336,Ndele,CF,8.4109,20.6473,78.8,33,84,2.26,broken clouds
337,Viline,UA,44.8456,33.6716,50.02,74,80,6.44,broken clouds
338,Ngama,TD,11.7833,17.1667,86.34,19,15,9.28,few clouds
339,San Vicente,AR,-26.6167,-54.1333,76.21,68,100,2.59,overcast clouds
340,Nyurba,RU,63.2842,118.3319,-5.76,98,43,6.02,scattered clouds
341,Santiago De Las Vegas,CU,22.97,-82.3869,85.62,62,40,9.22,scattered clouds
342,Artesia,US,33.8658,-118.0831,70.72,32,0,16.11,clear sky
343,Gat,IL,31.61,34.7642,71.4,100,0,8.72,clear sky
344,Usvyaty,RU,55.7456,30.7533,47.39,87,100,11.68,overcast clouds
345,Vezirkopru,TR,41.1436,35.4547,43.29,87,0,2.82,clear sky
346,Lorengau,PG,-2.0226,147.2712,80.19,81,99,5.28,overcast clouds
347,Chupa,RU,66.27,33.0549,37.9,95,100,13.87,light rain
348,Moche,PE,-8.1711,-79.0092,66.38,77,40,11.5,fog
349,Osoyoos,CA,49.0331,-119.4524,25.21,80,100,1.14,overcast clouds
350,Aasiaat,GL,68.7098,-52.8699,14.02,93,100,3.4,overcast clouds
351,Inirida,CO,3.8653,-67.9239,90.95,52,44,1.66,scattered clouds
352,Fortuna,US,40.5982,-124.1573,55.74,88,0,9.22,clear sky
353,Healdsburg,US,38.6105,-122.8692,55.9,64,0,1.01,fog
354,San Cristobal,VE,7.7669,-72.225,77.18,45,49,1.48,scattered clouds
355,Hays,US,30.0502,-98.0336,72.28,80,96,8.01,overcast clouds
356,Berezovyy,RU,51.6667,135.7,23.92,82,98,2.44,overcast clouds
357,Vuktyl,RU,63.8567,57.3094,19.72,97,98,3.56,overcast clouds
358,Murbad,IN,19.25,73.4,74.62,49,37,4.16,scattered clouds
359,Ketchikan,US,55.3422,-131.6461,36.68,97,94,4.03,overcast clouds
360,Didwana,IN,27.4,74.5667,69.78,41,0,5.01,clear sky
361,Yenagoa,NG,4.9247,6.2642,77.77,87,100,5.06,light rain
362,Vila Velha,BR,-20.3297,-40.2925,80.55,84,20,14.97,few clouds
363,Baghdad,IQ,33.3406,44.4009,73.31,31,0,8.05,clear sky
364,Isa Khel,AF,36.6702,68.8443,51.64,54,36,0.92,scattered clouds
365,Taltal,CL,-25.4,-70.4833,64.44,66,95,4.34,overcast clouds
366,Fort Morgan,US,40.2503,-103.8,29.62,54,0,9.22,clear sky
367,Reims,FR,49.1667,4.0833,49.05,93,100,5.75,mist
368,Matadi,CD,-5.8167,13.45,79.07,81,79,4.09,broken clouds
369,Bajil,YE,15.0584,43.2851,81.86,60,8,7.76,clear sky
370,Portland,US,45.5234,-122.6762,46.47,66,75,16.11,broken clouds
371,Presidencia Roque Saenz Pena,AR,-26.7852,-60.4388,96.57,26,54,8.37,broken clouds
372,Tongzi,CN,28.7829,105.0877,66.87,86,96,4.85,overcast clouds
373,Chumikan,RU,54.7183,135.315,14.5,88,69,15.66,broken clouds
374,Atar,MR,20.5169,-13.0499,85.62,10,99,6.42,overcast clouds
375,Nanakuli,US,21.3906,-158.1547,76.98,60,75,8.05,broken clouds
376,Tessalit,ML,20.1986,1.0114,79.59,11,1,8.12,clear sky
377,Vanimo,PG,-2.6741,141.3028,77.65,89,100,4.68,overcast clouds
378,Mega,ET,4.05,38.3,62.73,70,93,10.71,overcast clouds
379,Powell River,CA,49.8496,-124.5361,39.47,93,100,0.0,mist
380,Aniva,RU,46.7144,142.5294,42.62,77,100,12.28,heavy intensity rain
381,San Rafael Del Sur,NI,11.8485,-86.4384,80.55,78,93,7.02,overcast clouds
382,Youghal,IE,51.95,-7.8506,56.41,96,100,17.81,overcast clouds
383,Kidal,ML,18.4411,1.4078,80.94,13,1,9.69,clear sky
384,Ust-Omchug,RU,61.15,149.6333,-27.22,100,85,1.07,overcast clouds
385,Labuhan,ID,-6.8844,112.2051,79.25,84,100,4.18,moderate rain
386,Kuytun,RU,54.3419,101.5036,22.42,76,100,3.71,overcast clouds
387,Kintampo,GH,8.0563,-1.7306,74.75,78,96,7.74,light rain
388,Vardo,NO,70.3705,31.1107,39.18,87,75,16.11,broken clouds
389,Severo-Yeniseyskiy,RU,60.3725,93.0408,20.23,91,100,11.16,overcast clouds
390,Prainha,BR,-1.8,-53.48,91.53,40,99,5.03,overcast clouds
391,Marzuq,YE,14.4,46.4667,66.33,64,12,4.9,few clouds
392,Rio Gallegos,AR,-51.6226,-69.2181,56.73,30,81,12.93,broken clouds
393,Port Keats,AU,-14.25,129.55,82.81,74,7,7.34,clear sky
394,Tall Kayf,TR,37.0833,41.0667,61.14,55,3,6.58,clear sky
395,Torbat-E Jam,IR,35.244,60.6225,46.53,39,89,0.31,overcast clouds
396,Xuanhua,CN,40.6103,115.0447,41.86,87,100,9.89,overcast clouds
397,Mackenzie,CA,55.2999,-123.1698,21.42,86,100,5.75,light snow
398,Los Llanos De Aridane,ES,28.6585,-17.9182,69.55,84,75,5.75,broken clouds
399,Panzhihua,CN,26.5851,101.7128,55.45,73,5,1.19,clear sky
400,Governador Valadares,BR,-18.8511,-41.9494,93.74,39,100,2.1,overcast clouds
401,Sivas,TR,39.7916,37.0019,36.23,93,2,1.14,clear sky
402,Sayat,TM,38.7839,63.8803,45.81,48,9,7.9,clear sky
403,Tazmalt,DZ,36.3868,4.3989,67.39,42,96,1.7,overcast clouds
404,Ulaangom,MN,49.9811,92.0667,18.7,88,100,1.74,overcast clouds
405,Miri,MY,4.4148,114.0089,77.94,86,98,2.24,overcast clouds
406,Mocajuba,BR,-2.5842,-49.5072,88.92,53,100,4.38,overcast clouds
407,Huarmey,PE,-10.0681,-78.1522,69.82,73,94,11.95,overcast clouds
408,Chapais,CA,49.7834,-74.8492,29.98,94,100,10.6,light snow
409,Derbent,RU,42.0678,48.2899,54.1,76,99,6.55,overcast clouds
410,Port Hedland,AU,-20.3167,118.5667,73.45,78,1,13.8,clear sky
411,Vestmannaeyjar,IS,63.4427,-20.2734,45.59,93,75,5.75,broken clouds
412,Pozo Colorado,PY,-23.4923,-58.7972,103.15,24,15,6.46,few clouds
413,Sioux Lookout,CA,50.1001,-91.917,21.27,86,100,9.22,mist
414,Asekeyevo,RU,53.5742,52.7972,39.87,90,100,16.35,overcast clouds
415,Kinshasa,CD,-4.3246,15.3215,71.49,92,96,1.3,overcast clouds
416,Talnakh,RU,69.4865,88.3972,-6.47,96,98,4.85,overcast clouds
417,Touros,BR,-5.1989,-35.4608,84.27,56,54,12.82,broken clouds
418,Dunkwa,GH,5.9656,-1.78,75.11,93,81,3.85,light rain
419,Cayambe,EC,0.05,-78.1333,69.06,73,97,2.57,light rain
420,Marquette,US,46.5333,-87.6335,40.82,73,86,9.64,overcast clouds
421,Avera,US,33.194,-82.5271,67.55,94,100,19.08,light rain
422,Titusville,US,28.6122,-80.8075,87.89,64,40,13.8,scattered clouds
423,Narsaq,GL,60.9167,-46.05,25.02,96,100,3.62,light snow
424,Cravo Norte,CO,6.3017,-70.2041,90.27,53,32,4.21,scattered clouds
425,Zhanaozen,KZ,43.3,52.8,41.04,51,20,10.98,few clouds
426,Vila,PT,42.0304,-8.1588,50.88,73,0,3.8,clear sky
427,Novo Oriente,BR,-5.5344,-40.7742,96.22,25,56,4.7,broken clouds
428,Rocha,UY,-34.4833,-54.3333,77.72,51,13,9.6,few clouds
429,Barra Do Corda,BR,-5.5,-45.25,84.69,66,65,4.5,broken clouds
430,Aklavik,CA,68.2191,-135.0107,10.06,96,88,4.54,overcast clouds
431,Byron Bay,AU,-28.65,153.6167,58.95,82,20,9.04,few clouds
432,Kaohsiung,TW,22.6163,120.3133,77.04,92,40,2.3,mist
433,Port-Gentil,GA,-0.7193,8.7815,80.56,78,20,10.36,few clouds
434,Acapulco,MX,16.8634,-99.8901,84.02,70,40,6.91,scattered clouds
435,Waw,SS,7.7029,27.9953,79.59,27,100,4.27,overcast clouds
436,Mumford,GH,5.2618,-0.759,79.7,78,33,9.91,scattered clouds
437,Koutsouras,GR,35.0339,25.9469,64.11,58,2,9.44,clear sky
438,Risor,NO,58.7206,9.2342,55.92,81,98,23.91,overcast clouds
439,Sisimiut,GL,66.9395,-53.6735,15.55,80,100,8.59,overcast clouds
440,Danilovka,RU,50.3557,44.1168,38.28,75,60,7.54,broken clouds
441,Havre-Saint-Pierre,CA,50.2334,-63.5986,33.8,51,100,10.36,overcast clouds
442,Camalu,MX,30.85,-116.0667,63.7,32,90,2.26,overcast clouds
443,Tawang,IN,27.5833,91.8667,34.86,77,25,5.32,scattered clouds
444,Merrill,US,45.1805,-89.6835,28.17,76,100,11.5,overcast clouds
445,Svetlyy,RU,54.675,20.1347,55.45,87,100,16.11,overcast clouds
446,Zhicheng,CN,30.2956,111.5047,69.98,66,88,3.8,overcast clouds
447,Vitoria Da Conquista,BR,-14.8661,-40.8394,80.31,54,96,7.0,overcast clouds
448,Djibo,BF,14.1022,-1.6306,87.73,13,5,5.93,clear sky
449,Yumen,CN,40.2833,97.2,29.39,44,0,3.89,clear sky
450,Makakilo City,US,21.3469,-158.0858,75.56,62,75,8.05,broken clouds
451,Southbridge,US,42.0751,-72.0334,69.3,86,100,5.01,overcast clouds
452,La Ronge,CA,55.1001,-105.2842,8.85,66,75,3.44,light snow
453,Lima,PE,-12.0432,-77.0282,64.65,72,100,12.66,overcast clouds
454,Egvekinot,RU,66.3167,-179.1667,-3.42,88,9,7.58,clear sky
455,Tautira,PF,-17.7333,-149.15,76.96,77,100,2.89,light rain
456,Noyabrsk,RU,63.1994,75.4507,26.02,96,100,15.01,light snow
457,Comarapa,BO,-17.9,-64.4833,71.69,56,80,10.56,broken clouds
458,Quthing,LS,-30.4,27.7003,62.24,64,89,1.92,overcast clouds
459,Kahului,US,20.8947,-156.47,78.82,62,20,19.57,few clouds
460,Niquero,CU,20.0431,-77.5828,81.41,78,96,7.36,overcast clouds
461,Zeya,RU,53.75,127.2667,7.84,93,40,3.27,scattered clouds
462,Nouadhibou,MR,20.931,-17.0347,73.38,78,47,10.36,scattered clouds
463,Farafenni,GM,13.5667,-15.6,85.96,22,100,4.21,overcast clouds
464,Jingdezhen,CN,29.2947,117.2079,68.97,73,18,2.8,few clouds
465,Amethi,IN,26.15,81.8167,68.25,47,0,5.1,clear sky
466,Hasaki,JP,35.7333,140.8333,58.21,68,71,11.18,broken clouds
467,Rovaniemi,FI,66.5,25.7167,35.01,100,100,6.91,fog
468,Teya,RU,60.3778,92.6267,23.99,89,100,10.09,overcast clouds
469,Ossora,RU,59.2353,163.0719,31.68,83,100,7.74,overcast clouds
470,General Roca,AR,-39.0333,-67.5833,73.06,58,100,1.01,overcast clouds
471,Brigantine,US,39.4101,-74.3646,68.2,95,100,13.8,mist
472,Toro,CO,4.6117,-76.0814,84.88,72,78,3.4,broken clouds
473,Redcliffe,AU,-27.2307,153.0973,62.42,87,0,0.0,clear sky
474,Mangan,IN,27.5167,88.5333,58.75,71,88,5.39,overcast clouds
475,Genhe,CN,50.7833,121.5167,-1.43,100,37,1.74,scattered clouds
476,Barra Patuca,HN,15.8,-84.2833,84.0,63,12,6.15,few clouds
477,Fare,PF,-16.7,-151.0167,77.59,79,72,4.61,light rain
478,Verkhnetulomskiy,RU,68.6073,31.7962,33.93,100,100,1.48,light snow
479,Kieta,PG,-6.2167,155.6333,77.59,90,100,4.43,moderate rain
480,Union,US,40.6334,-74.2663,66.27,94,100,5.75,moderate rain
481,Utinga,BR,-5.8172,-35.3954,86.85,58,40,13.8,scattered clouds
482,Aksarka,RU,66.5606,67.7975,7.02,91,87,14.16,overcast clouds
483,Mehamn,NO,71.0357,27.8492,33.75,93,100,1.14,light rain
484,Abonnema,NG,4.7084,6.7931,77.29,84,100,6.24,light rain
485,San Jose,US,37.3394,-121.895,56.86,73,100,3.0,overcast clouds
486,Half Moon Bay,US,37.4636,-122.4286,56.53,81,0,0.0,clear sky
487,Gedo,ET,9.0167,37.45,53.82,84,88,3.67,light rain
488,Ourossogui,SN,15.6064,-13.3211,90.57,8,35,8.7,scattered clouds
489,Coihaique,CL,-45.5752,-72.0662,61.41,67,100,4.61,light rain
490,Grindavik,IS,63.8424,-22.4338,42.75,100,100,2.3,overcast clouds
491,Manggar,ID,-2.8833,108.2667,78.96,85,100,5.86,overcast clouds
492,Soyo,AO,-6.1349,12.3689,77.77,78,39,8.86,scattered clouds
493,Chengde,CN,40.9725,117.9361,52.86,97,100,3.4,moderate rain
494,Kerema,PG,-7.9631,145.7785,78.08,84,93,2.66,overcast clouds
495,Verkhnyaya Inta,RU,65.9811,60.3094,3.65,100,88,3.13,overcast clouds
496,Lata,PT,40.1629,-8.3327,62.08,69,0,6.35,clear sky
497,Mayumba,GA,-3.432,10.6554,77.4,86,92,8.16,light rain
498,Santa Lucia,ES,27.9117,-15.5407,65.52,73,20,13.8,few clouds
499,Manjacaze,MZ,-24.7117,33.8828,73.08,87,64,8.57,broken clouds
500,Plettenberg Bay,ZA,-34.0527,23.3716,64.92,92,48,2.66,light rain
501,Talaya,RU,61.3833,152.75,-8.95,99,100,2.62,overcast clouds
502,Kattivakkam,IN,13.2167,80.3167,80.69,86,100,20.45,moderate rain
503,Walvis Bay,NA,-22.9575,14.5053,62.1,82,9,10.36,clear sky
504,College,US,64.8569,-147.8028,10.58,85,20,3.44,few clouds
505,Graaff-Reinet,ZA,-32.2522,24.5308,71.92,59,48,7.25,scattered clouds
506,Sylva,RU,58.0348,56.7635,43.97,99,100,6.78,overcast clouds
507,Kijang,KR,35.2442,129.2139,53.33,80,1,4.9,clear sky
508,Nome,US,64.5011,-165.4064,15.87,73,0,10.36,clear sky
509,Mitsamiouli,KM,-11.3847,43.2844,77.79,81,48,8.75,scattered clouds
510,Simpang,ID,-1.2667,104.0833,73.67,96,100,0.09,overcast clouds
511,Pouso Alegre,BR,-22.23,-45.9364,87.85,56,37,4.88,light rain
512,Yaring,TH,6.8662,101.3689,79.29,84,100,7.54,heavy intensity rain
513,Macau,MO,22.2006,113.5461,75.0,94,0,3.44,clear sky
514,General Pico,AR,-35.6566,-63.7568,70.57,67,100,5.37,moderate rain
515,Micheweni,TZ,-4.9667,39.8333,78.26,84,77,8.05,broken clouds
516,Mana,GF,5.6592,-53.7767,82.51,78,95,5.39,overcast clouds
517,Puerto Suarez,BO,-18.95,-57.8,91.76,40,40,16.11,scattered clouds
518,Vicosa,BR,-20.7539,-42.8819,83.26,55,71,7.05,light rain
519,Abu Dhabi,AE,24.4667,54.3667,84.22,74,0,5.75,clear sky
520,Vredendal,ZA,-31.6683,18.5012,60.96,82,5,7.47,clear sky
521,Helvecia,HU,46.8366,19.6225,47.71,93,96,4.61,overcast clouds
522,Westport,US,41.1415,-73.3579,69.28,85,100,5.75,light rain
523,Komsomolskiy,UZ,40.4272,71.7189,38.12,81,97,0.0,mist
524,Byadgi,IN,14.6833,75.4833,73.27,59,100,8.21,overcast clouds
525,Raisio,FI,60.4859,22.169,53.08,93,75,11.5,broken clouds
526,Keti Bandar,PK,24.1447,67.4497,82.0,57,9,5.12,clear sky
527,Kendari,ID,-3.945,122.4989,76.32,94,95,1.9,overcast clouds
528,Hit,IQ,33.6416,42.8251,71.35,39,75,11.59,broken clouds
529,Pevek,RU,69.7008,170.3133,-1.59,98,99,2.39,overcast clouds
530,Kanniyakumari,IN,8.0833,77.5667,79.16,82,100,4.25,overcast clouds
531,Evanton,GB,57.6638,-4.34,61.59,74,93,12.64,overcast clouds
532,Ovsyanka,RU,55.9575,92.5519,31.23,85,97,9.17,overcast clouds
533,Rafaela,AR,-31.2503,-61.4867,90.0,21,75,5.99,broken clouds
534,Howard Springs,AU,-12.497,131.047,78.71,94,23,3.76,few clouds
535,Kawalu,ID,-7.3817,108.2082,72.09,97,100,0.96,overcast clouds
536,Ishigaki,JP,24.3448,124.1572,78.93,94,75,9.22,broken clouds
537,Dunedin,NZ,-45.8742,170.5036,54.81,82,100,3.0,overcast clouds
538,Atherton,GB,53.5237,-2.4935,60.94,76,59,3.0,broken clouds
539,San Nicolas,PH,18.1725,120.5953,76.91,100,20,1.14,few clouds
540,Ferme-Neuve,CA,46.7001,-75.4493,57.96,74,100,7.58,overcast clouds
541,Nizwa,OM,22.9333,57.5333,75.34,51,14,3.89,few clouds
542,Usinsk,RU,65.9939,57.5281,6.1,96,31,7.76,scattered clouds
543,Pacifica,US,37.6138,-122.4869,56.01,83,75,7.0,broken clouds
544,Quelimane,MZ,-17.8786,36.8883,78.75,89,20,9.22,few clouds
545,Abha,SA,18.2164,42.5053,62.42,88,0,3.44,clear sky
546,Kem,RU,64.9555,34.5793,43.03,79,95,18.19,overcast clouds
547,Kikwit,CD,-5.041,18.8162,70.57,91,99,1.34,overcast clouds
548,Bay Roberts,CA,47.5999,-53.2648,46.51,71,100,3.0,overcast clouds
549,Mariental,NA,-24.6333,17.9667,80.26,11,30,24.99,scattered clouds
550,Tecoanapa,MX,16.5167,-98.75,84.18,69,3,6.44,clear sky
551,Rawson,AR,-43.3002,-65.1023,62.51,59,98,12.84,overcast clouds
552,Pundaguitan,PH,6.3711,126.1689,82.08,78,93,9.93,overcast clouds
553,Thetford Mines,CA,46.0913,-71.3013,58.95,71,100,3.27,overcast clouds
554,Gannan,CN,47.9147,123.5031,28.85,57,100,7.43,overcast clouds
555,Xichang,CN,27.8964,102.2634,51.4,75,3,0.96,clear sky
556,Bairiki,KI,1.3292,172.9752,80.6,74,75,12.66,broken clouds
557,Weinan,CN,34.5036,109.5089,48.45,85,100,11.86,overcast clouds
558,Limbang,MY,4.75,115.0,77.11,97,100,1.95,overcast clouds
559,Tevaitoa,PF,-16.7833,-151.5,77.74,78,79,5.41,light rain
560,Carnot,CF,4.9409,15.8665,73.36,84,70,4.5,light rain
561,Champerico,GT,14.3,-91.9167,88.34,68,8,4.29,clear sky
562,Adrar,MR,20.5022,-10.0711,79.93,9,97,8.28,overcast clouds
563,Piacabucu,BR,-10.4056,-36.4344,82.4,69,41,9.86,scattered clouds
564,Honningsvag,NO,70.9821,25.9704,33.55,93,75,4.61,light rain and snow
565,Gazanjyk,TM,39.2446,55.5154,49.33,42,81,13.13,broken clouds
566,Rosetown,CA,51.5501,-108.0014,1.38,78,13,3.44,few clouds
567,Saint-Augustin,CA,51.226,-58.6502,30.58,26,94,12.08,overcast clouds
568,Kholmogory,RU,64.2229,41.656,40.06,96,100,10.94,moderate rain
569,Barras,BR,-4.2444,-42.2944,100.69,25,92,3.8,overcast clouds
570,Murgab,TM,37.4966,61.9714,42.67,65,6,6.91,clear sky
571,Chama,CH,47.1821,8.4636,49.6,91,100,1.14,mist
572,Togul,RU,53.465,85.9128,29.39,93,100,11.43,light snow
573,Shelburne,CA,44.0787,-80.2041,59.45,79,100,9.19,moderate rain
574,Verkhnevilyuysk,RU,63.4453,120.3167,-12.03,98,22,4.83,few clouds
575,San Carlos De Bariloche,AR,-41.1456,-71.3082,56.95,51,75,21.85,light intensity shower rain
576,Arona,ES,28.0996,-16.681,66.56,82,20,8.05,few clouds
577,Ushtobe,KZ,45.2514,77.9838,36.81,60,100,0.72,overcast clouds
578,Launceston,AU,-41.45,147.1667,56.61,79,100,11.5,overcast clouds
579,Aden,YE,12.7794,45.0367,79.52,76,13,13.82,few clouds
580,Mount Isa,AU,-20.7333,139.5,71.37,83,2,5.75,light rain
581,Simao,CN,22.7886,100.9748,55.76,79,0,1.48,clear sky
582,Sorong,ID,-0.8833,131.25,80.22,80,84,2.68,broken clouds
583,Atbasar,KZ,51.8,68.3333,32.9,98,100,18.59,light snow
584,Jalu,LY,29.0331,21.5482,65.68,39,0,8.34,clear sky
585,Poum,NC,-20.2333,164.0167,75.72,78,95,8.5,overcast clouds
586,Mujiayingzi,CN,42.1167,118.7833,33.39,100,100,7.11,light snow
587,Dudinka,RU,69.4058,86.1778,-5.93,100,97,6.49,overcast clouds
588,Iralaya,HN,15.0,-83.2333,83.21,71,15,6.26,light rain
589,Huron,US,41.1501,-82.5499,60.24,95,100,4.25,moderate rain
590,Krasnouralsk,RU,58.3638,60.0407,38.52,96,100,7.36,overcast clouds
591,Uray,RU,60.1247,64.7758,33.37,99,100,6.35,overcast clouds
592,Nyagan,RU,62.1406,65.3936,32.88,98,100,5.19,overcast clouds
593,Cockburn Town,TC,21.4612,-71.1419,84.16,70,40,17.27,scattered clouds
594,Bara,NG,10.3744,10.7288,80.71,28,99,4.81,overcast clouds
595,Raga,SS,8.4596,25.678,78.6,28,100,3.87,overcast clouds
596,Rio Grande,BR,-32.035,-52.0986,75.31,71,100,13.8,overcast clouds
597,Raca,RS,44.2271,20.9775,52.02,78,100,6.96,overcast clouds
598,Canto Do Buriti,BR,-8.11,-42.9444,97.03,26,72,6.35,broken clouds
599,Tevriz,RU,57.509,72.4042,31.48,96,100,7.36,overcast clouds
600,Scottsbluff,US,41.8666,-103.6672,31.32,49,0,7.0,clear sky
601,Kingsport,US,36.5484,-82.5618,70.23,96,100,3.44,overcast clouds
602,Kytmanovo,RU,53.4593,85.4479,29.95,90,100,12.3,overcast clouds
603,Karasburg,NA,-28.0167,18.75,64.47,43,0,24.83,clear sky
604,Saint-Leu,RE,-21.15,55.2833,73.31,83,23,8.77,light rain
605,Orlik,RU,52.5178,99.825,9.86,86,100,2.66,overcast clouds
606,Toora-Khem,RU,52.4675,96.11,10.65,96,100,0.58,overcast clouds
607,Aksarayskiy,RU,46.7924,48.0119,41.74,71,2,6.98,clear sky
608,Berea,US,41.3662,-81.8543,59.95,91,100,1.01,light rain
609,Auch,FR,43.65,0.5833,65.25,92,0,5.99,clear sky
610,Morondava,MG,-20.2833,44.2833,81.25,70,89,6.02,overcast clouds
611,Vitim,RU,59.4511,112.5578,20.88,93,100,9.42,overcast clouds
612,Clearwater,US,27.9659,-82.8001,79.21,80,100,13.8,overcast clouds
613,Tilichiki,RU,60.4667,166.1,12.92,91,100,6.67,overcast clouds
614,Todos Santos,MX,23.45,-110.2167,81.3,76,4,6.35,clear sky
615,Yar-Sale,RU,66.8333,70.8333,6.76,89,80,12.17,broken clouds
616,Serzhen-Yurt,RU,43.1227,45.9858,42.66,86,41,1.39,scattered clouds
617,Labuan,MY,5.2767,115.2417,75.56,100,20,0.0,few clouds
618,Anadyr,RU,64.75,177.4833,-12.5,83,69,8.95,fog
619,Havoysund,NO,70.9963,24.6622,34.03,84,99,4.03,overcast clouds
620,Quatre Cocos,MU,-20.2078,57.7625,75.31,75,33,10.96,scattered clouds
621,Ritchie,ZA,-29.038,24.6028,70.81,79,32,7.4,heavy intensity rain
622,Ingham,US,42.6,-84.3833,65.16,63,0,6.91,clear sky
623,Santa Maria,BR,-29.6842,-53.8069,72.7,68,75,5.75,broken clouds
624,Zittau,DE,50.9,14.8333,50.07,87,100,5.41,overcast clouds
625,Ancud,CL,-41.8697,-73.8203,52.7,90,100,1.23,light rain
626,Warmbad,NA,-28.45,18.7333,67.71,40,0,25.05,clear sky
627,Khonsa,IN,27.0167,95.5667,58.03,86,0,3.67,clear sky
628,La Palma,US,33.8464,-118.0467,71.17,30,0,16.11,clear sky
629,Whitehorse,CA,60.7161,-135.0538,21.97,86,75,8.05,broken clouds
630,Fairbanks,US,64.8378,-147.7164,10.6,85,0,3.44,clear sky
631,Hirara,JP,24.8,125.2833,78.37,90,2,16.11,clear sky
632,Mackay,AU,-21.15,149.2,64.69,72,1,6.08,clear sky
633,Mandan,US,46.8267,-100.8896,14.36,84,75,16.11,broken clouds
634,Baker City,US,44.7749,-117.8344,30.6,75,0,10.36,clear sky
635,Koraput,IN,18.8167,82.7167,61.81,78,96,4.25,overcast clouds
636,Gizo,SB,-8.103,156.8419,81.01,76,100,5.12,light rain
637,Vagay,RU,57.9375,69.0217,32.63,98,100,8.39,snow
638,Bokovskaya,RU,49.229,41.8306,39.85,87,6,6.38,clear sky
639,Shingu,JP,33.7333,135.9833,58.89,80,0,5.93,clear sky
640,Araouane,ML,18.9048,-3.5265,79.68,10,2,7.07,clear sky
641,Tonstad,NO,58.6626,6.7169,59.2,98,100,11.03,overcast clouds
642,Baruun-Urt,MN,46.6806,113.2792,17.06,65,54,3.56,broken clouds
643,Morro Bay,US,35.3658,-120.8499,64.99,72,80,5.99,broken clouds
644,Praia Da Vitoria,PT,38.7333,-27.0667,64.65,68,20,6.11,few clouds
645,Bangsund,NO,64.3968,11.3949,48.9,87,75,8.05,moderate rain
646,New Agutaya,PH,10.5614,119.3078,78.28,92,30,3.0,scattered clouds
647,Pinawa,CA,50.1489,-95.8811,22.14,76,100,9.44,overcast clouds
648,Shirokiy,RU,49.758,129.523,17.83,96,91,8.97,overcast clouds
649,Roald,NO,62.5833,6.1333,60.75,88,75,23.02,light rain
650,Namtsy,RU,62.7161,129.6658,2.14,88,100,11.61,overcast clouds
651,Rincon,US,32.296,-81.2354,74.86,90,100,13.22,heavy intensity rain
652,Lavrentiya,RU,65.5833,-171.0,14.83,78,6,7.36,clear sky
653,Rudnogorsk,RU,57.2639,103.7519,23.05,91,99,8.23,overcast clouds
654,Carbonia,IT,39.1672,8.5222,67.01,84,39,4.21,scattered clouds
655,Haines Junction,CA,60.7522,-137.5108,12.15,92,96,2.3,overcast clouds
656,San Pedro,PH,14.35,121.0167,79.83,85,20,1.14,few clouds
657,Cururupu,BR,-1.8283,-44.8683,86.38,59,86,7.0,overcast clouds
658,Sainte-Marie,RE,-20.8968,55.5496,74.41,86,75,5.75,broken clouds
659,Kapra,IN,17.4846,78.561,70.5,60,99,5.32,overcast clouds
660,Beringovskiy,RU,63.05,179.3167,10.44,85,63,8.9,broken clouds
661,Amapa,BR,1.0,-52.0,78.67,90,100,4.65,overcast clouds
662,North Bend,US,43.4065,-124.2243,48.07,93,100,9.22,mist
663,Totma,RU,59.9747,42.7642,43.65,91,100,12.3,light rain
664,Tezu,IN,27.9167,96.1667,63.05,48,0,4.54,clear sky
665,Turka,UA,49.1541,23.0297,40.8,88,99,3.58,overcast clouds
666,Suntar,RU,62.1444,117.6319,0.72,93,46,6.35,scattered clouds
667,Nokaneng,BW,-19.6667,22.2667,77.43,55,86,13.35,light rain
668,Harlingen,US,26.1906,-97.6961,86.05,74,100,13.8,overcast clouds
669,Otradnoye,RU,59.7775,30.8181,53.65,91,100,12.59,overcast clouds
670,Mirnyy,RU,62.5353,113.9611,5.38,89,100,8.3,overcast clouds
671,Rock Springs,US,41.5875,-109.2029,28.04,71,0,17.27,clear sky
672,Obukhiv,UA,50.11,30.6227,49.59,90,26,5.41,scattered clouds
673,Vangaindrano,MG,-23.35,47.6,73.04,88,26,3.98,scattered clouds
674,Caramay,PH,10.1815,119.236,79.84,87,31,2.68,scattered clouds
675,Lazaro Cardenas,MX,17.9583,-102.2,84.4,63,52,3.87,broken clouds
676,Kutum,SD,14.2,24.6667,71.89,23,1,11.34,clear sky
677,Huacho,PE,-11.1067,-77.605,69.96,70,33,10.47,scattered clouds
678,Makariv,UA,50.4641,29.8113,48.18,90,30,5.97,scattered clouds
679,Husavik,IS,66.0449,-17.3389,37.62,99,100,7.85,overcast clouds
680,Ixtapa,MX,20.7,-105.2,83.43,51,0,5.01,clear sky
681,Virginia Beach,US,36.8529,-75.978,77.05,84,100,16.11,overcast clouds
682,Vallam,IN,10.7167,79.0833,71.65,95,100,10.92,heavy intensity rain
683,Mumbwa,ZM,-14.9783,27.0619,68.68,75,61,4.25,broken clouds
684,Olafsvik,IS,64.8945,-23.7142,40.46,91,98,13.82,overcast clouds
685,Ponta Delgada,PT,37.7333,-25.6667,64.51,59,20,4.61,few clouds
686,Conakry,GN,9.538,-13.6773,82.27,70,1,10.58,clear sky
687,Nioro,GM,13.35,-15.75,84.11,27,100,2.24,overcast clouds
688,Northam,GB,51.0333,-4.2167,56.39,90,11,14.52,few clouds
689,Tshikapa,CD,-6.4167,20.8,70.59,87,72,3.47,broken clouds
690,Guapiacu,BR,-20.795,-49.2203,75.49,60,100,9.22,overcast clouds
691,Port Blair,IN,11.6667,92.75,78.84,89,40,2.3,mist
692,Forest Park,US,39.2903,-84.5041,58.6,95,75,5.75,moderate rain
693,Toda Raisingh,IN,26.0252,75.4849,70.36,34,0,6.33,clear sky
694,Sarkand,KZ,45.41,79.9186,35.06,57,100,3.69,overcast clouds
695,Hovd,MN,48.0056,91.6419,19.99,46,98,2.19,overcast clouds
696,Yaan,NG,7.3833,8.5667,83.89,54,99,2.51,overcast clouds
697,Tabou,CI,4.423,-7.3528,78.04,86,76,7.29,broken clouds
698,Ambulu,ID,-8.345,113.6058,75.81,90,100,2.64,overcast clouds
699,Banepa,NP,27.6298,85.5214,53.92,88,20,2.3,few clouds
700,Danane,CI,7.2596,-8.155,74.61,82,81,1.86,light rain
701,Nanortalik,GL,60.1432,-45.2371,25.27,89,100,11.36,light snow
702,Winnemucca,US,40.973,-117.7357,30.25,69,0,9.22,clear sky
703,Lufilufi,WS,-13.8745,-171.5986,76.78,79,59,10.98,broken clouds
704,Pleasanton,US,37.6624,-121.8747,55.58,74,100,1.99,overcast clouds
705,Falmouth,GB,50.1544,-5.0711,58.1,94,100,9.22,overcast clouds
706,Taksimo,RU,56.3444,114.8794,6.37,85,66,2.55,broken clouds
707,Ranong,TH,9.9658,98.6348,77.65,90,99,3.44,overcast clouds
708,Kalmunai,LK,7.4167,81.8167,77.05,88,86,9.53,overcast clouds
709,Damara,CF,4.9608,18.7035,72.1,93,99,3.58,light rain
710,Channel-Port Aux Basques,CA,47.5702,-59.1367,44.49,65,74,11.74,broken clouds
711,Norfolk,US,42.1668,-71.2495,71.62,74,100,9.22,overcast clouds
712,Bayanday,RU,53.0661,105.5139,14.77,90,65,1.79,broken clouds
713,Puerto Leguizamo,CO,-0.1934,-74.7819,89.4,54,54,3.42,broken clouds
